v1,v2
ham,"Hey, are we still meeting today at 5 pm?"
ham,Please send me the project report when you finish.
ham,Your appointment is confirmed for tomorrow morning.
ham,Can you call me when you reach home?
ham,Thanks for your help with the assignment.
ham,The meeting has been moved to 3 pm.
ham,Don't forget to bring your college ID tomorrow.
ham,I will send the documents by email tonight.
ham,"Lunch is ready, come when you are free."
ham,Your package has been delivered to the reception.
ham,Please review the presentation before class.
ham,Are you available for a quick call?
ham,The interview is scheduled for Monday at 10 am.
ham,I have attached the notes from today's lecture.
ham,Let me know if you need any help.
ham,Your order is being prepared and will arrive soon.
ham,The college office will remain closed tomorrow.
ham,Can we discuss the project after lunch?
ham,Please remember to submit the form before Friday.
ham,I reached the library and saved a seat for you.
spam,Congratulations! You have won a free prize. Claim it now!
spam,URGENT! You have been selected for a cash reward. Click now.
spam,"Win a free smartphone today. Limited offer, claim now."
spam,You are a lucky winner! Send your details to receive your reward.
spam,Get a special cash bonus today. Act now to claim your prize.
spam,FREE offer! You have been chosen for an exclusive reward.
spam,Claim your free gift before this limited-time offer expires.
spam,You have won a shopping voucher. Click to claim your reward.
spam,Exclusive deal! Get a huge discount today. Buy now.
spam,Congratulations winner! Your reward is waiting for you.
spam,Limited time promotion! Claim your bonus immediately.
spam,You have been selected to receive a free vacation package.
spam,Special offer just for you! Click now and get your bonus.
spam,WIN BIG today! Claim your guaranteed reward now.
spam,Free cash reward available. Apply now before it expires.
spam,Congratulations! Your account has been chosen for a special prize.
spam,Act now to receive your exclusive free gift.
spam,You are eligible for a special discount. Claim today.
spam,Get your reward now! This offer expires soon.
spam,You have won an exclusive prize. Confirm your details to claim it.
